Date,SPY,EFA,EEM,TLT,GLD,VNQ
2023-02-07,100.0,100.0,100.0,100.0,100.0,100.0
2023-02-08,102.16,101.25,99.43,100.94,102.14,103.21
2023-02-09,100.05,98.78,97.82,102.56,100.93,102.17
2023-02-10,100.98,99.56,97.9,102.03,100.84,103.37
2023-02-13,101.65,99.79,98.4,101.96,100.86,104.48
2023-02-14,101.55,99.69,97.47,102.16,100.33,105.63
2023-02-15,101.81,100.0,97.83,101.15,100.04,105.73
2023-02-16,102.8,100.94,97.75,100.85,100.06,105.04
2023-02-17,103.25,101.58,97.77,102.03,100.35,105.34
2023-02-20,104.37,102.35,98.8,101.08,100.01,107.0
2023-02-21,103.49,101.18,97.75,100.67,98.98,105.0
2023-02-22,103.33,102.27,98.82,103.6,97.95,105.77
2023-02-23,103.82,103.08,100.19,101.38,99.88,105.77
2023-02-24,103.56,102.97,99.68,100.76,99.71,104.05
2023-02-27,102.85,102.67,99.42,100.28,98.37,103.34
2023-02-28,103.35,103.05,99.04,100.32,98.15,103.92
2023-03-01,104.05,103.62,99.5,100.72,98.5,103.78
2023-03-02,104.07,103.92,99.95,100.59,98.47,103.04
2023-03-03,104.41,104.82,100.75,100.18,99.13,103.27
2023-03-06,105.32,104.73,100.97,100.9,100.43,103.27
2023-03-07,104.87,105.46,101.17,100.91,100.93,102.37
2023-03-08,103.74,104.51,99.98,100.85,100.94,100.66
2023-03-09,103.54,103.74,100.27,101.69,100.41,99.71
2023-03-10,104.2,104.9,100.5,100.3,102.76,99.18
2023-03-13,104.57,105.34,101.07,101.07,103.74,98.72
2023-03-14,104.57,105.87,101.33,100.67,104.43,98.23
2023-03-15,104.48,106.28,101.85,102.39,105.14,98.49
2023-03-16,105.72,107.32,103.05,102.34,104.9,99.79
2023-03-17,106.02,107.69,102.49,102.92,105.1,99.97
2023-03-20,106.03,107.45,102.09,104.06,105.28,100.55
2023-03-21,106.58,107.65,102.47,103.74,105.7,101.11
2023-03-22,105.74,107.45,102.56,102.85,106.03,100.39
2023-03-23,104.74,106.19,101.88,102.5,104.95,99.35
2023-03-24,102.67,104.31,100.11,102.92,105.44,97.42
2023-03-27,102.36,103.13,100.97,101.61,105.96,96.67
2023-03-28,101.98,102.0,98.93,101.7,106.69,96.28
2023-03-29,101.17,101.74,96.71,101.86,107.38,96.23
2023-03-30,101.18,102.18,97.74,101.78,108.15,96.25
2023-03-31,103.13,102.73,100.25,103.31,110.19,98.36
2023-04-03,100.44,100.71,95.34,104.14,110.34,96.79
2023-04-04,99.94,100.68,94.76,103.3,110.56,98.13
2023-04-05,100.43,101.37,96.64,104.33,111.85,97.4
2023-04-06,99.51,102.18,96.44,103.64,113.47,96.95
2023-04-07,98.21,100.79,94.6,103.23,112.92,94.71
2023-04-10,97.92,100.66,94.24,103.22,113.83,94.17
2023-04-11,98.11,100.49,93.72,103.58,113.24,94.4
2023-04-12,98.87,100.95,95.59,104.27,112.81,96.54
2023-04-13,99.37,101.87,95.87,104.49,112.75,97.26
2023-04-14,98.94,101.28,95.0,103.09,112.12,96.7
2023-04-17,98.22,100.29,95.01,102.28,111.99,96.08
2023-04-18,99.1,101.32,96.18,102.08,110.71,94.29
2023-04-19,100.2,102.13,97.2,101.39,110.89,94.36
2023-04-20,99.97,101.98,97.6,101.7,111.76,94.28
2023-04-21,100.43,103.77,98.37,99.44,112.77,94.9
2023-04-24,100.68,104.19,98.45,99.4,111.87,95.57
2023-04-25,100.43,104.33,98.37,99.16,112.29,95.43
2023-04-26,100.88,104.76,98.45,100.17,111.17,95.26
2023-04-27,101.77,106.13,98.46,100.99,111.68,95.14
2023-04-28,101.38,105.34,98.09,100.98,112.62,94.84
2023-05-01,103.06,107.85,98.23,100.46,113.7,96.7
2023-05-02,102.61,107.69,97.14,100.2,114.18,96.68
2023-05-03,101.61,106.94,96.76,101.29,114.84,96.11
2023-05-04,100.84,105.47,95.4,101.05,114.5,95.43
2023-05-05,101.51,107.3,94.85,100.13,112.79,94.78
2023-05-08,99.64,104.91,92.12,99.11,111.74,93.58
2023-05-09,100.08,105.26,92.84,98.06,111.27,94.07
2023-05-10,99.51,104.17,91.74,97.68,112.35,95.24
2023-05-11,98.76,103.12,90.77,98.04,112.8,94.5
2023-05-12,99.36,103.42,91.62,95.7,113.87,94.58
2023-05-15,97.36,101.62,88.2,97.86,115.77,93.27
2023-05-16,96.55,100.3,87.45,97.61,116.91,91.72
2023-05-17,95.39,99.71,87.79,96.77,117.59,90.78
2023-05-18,94.64,97.51,85.74,96.24,118.81,90.77
2023-05-19,94.21,95.5,84.35,95.73,116.97,90.44
2023-05-22,96.14,97.68,85.64,93.29,117.95,93.14
2023-05-23,96.47,98.07,86.2,93.18,116.75,95.16
2023-05-24,97.29,99.26,87.0,93.46,115.52,95.87
2023-05-25,97.27,98.91,86.47,92.54,115.84,95.66
2023-05-26,97.61,99.0,87.03,93.47,115.67,96.4
2023-05-29,96.32,98.41,86.66,93.82,116.05,94.57
2023-05-30,97.31,98.82,87.21,93.34,116.99,95.46
2023-05-31,97.57,99.44,86.94,93.62,117.76,96.98
2023-06-01,99.03,100.06,88.79,92.01,117.47,97.57
2023-06-02,99.89,100.49,89.33,92.25,117.65,98.68
2023-06-05,99.45,100.13,89.72,92.99,118.1,98.68
2023-06-06,98.54,99.76,89.81,93.86,117.31,97.66
2023-06-07,98.01,99.44,89.05,94.19,118.06,97.24
2023-06-08,99.48,101.24,90.59,93.53,118.35,98.09
2023-06-09,98.92,100.81,90.67,93.54,117.87,97.56
2023-06-12,98.55,100.88,90.32,93.73,117.79,97.29
2023-06-13,98.09,100.55,89.64,93.52,118.05,95.78
2023-06-14,97.55,99.97,89.04,94.03,119.1,95.38
2023-06-15,97.67,100.03,89.17,94.03,121.4,95.0
2023-06-16,98.77,101.53,90.74,93.79,122.18,96.98
2023-06-19,96.61,101.48,89.89,97.69,122.68,96.44
2023-06-20,96.85,102.14,90.08,98.47,122.98,95.95
2023-06-21,96.54,103.19,90.07,96.73,123.91,95.1
2023-06-22,96.99,103.47,90.94,96.98,124.12,94.92
2023-06-23,96.82,104.01,92.31,97.58,124.17,95.47
2023-06-26,96.77,103.4,92.05,96.63,124.16,95.29
2023-06-27,97.64,105.29,92.9,97.31,124.25,96.97
2023-06-28,97.87,105.52,93.06,96.85,123.65,98.39
2023-06-29,97.65,105.28,92.51,96.24,124.21,97.5
2023-06-30,96.65,103.84,91.46,97.11,123.75,98.41
2023-07-03,95.88,103.57,89.98,97.25,123.9,96.98
2023-07-04,96.02,103.8,89.91,98.7,123.72,99.05
2023-07-05,95.3,103.26,89.27,98.5,124.03,97.71
2023-07-06,95.67,103.21,89.53,98.28,125.11,97.94
2023-07-07,94.01,99.83,87.13,98.34,127.94,99.31
2023-07-10,94.12,99.73,88.36,97.3,127.42,100.66
2023-07-11,94.19,99.81,88.49,96.87,127.02,100.54
2023-07-12,93.3,98.88,88.04,97.04,125.36,99.67
2023-07-13,94.19,99.54,89.88,97.21,125.71,100.2
2023-07-14,93.15,98.2,88.57,96.33,126.23,98.11
2023-07-17,91.79,97.01,86.87,96.04,125.67,98.0
2023-07-18,91.44,96.86,86.73,96.11,125.56,97.25
2023-07-19,92.29,97.87,86.71,97.42,127.27,99.71
2023-07-20,93.33,98.58,87.64,97.46,126.99,100.86
2023-07-21,92.78,99.07,87.27,95.83,125.01,98.96
2023-07-24,92.3,99.21,86.47,94.96,125.53,98.76
2023-07-25,93.09,99.62,86.98,94.59,125.93,100.04
2023-07-26,92.89,98.95,86.78,93.96,124.08,99.78
2023-07-27,93.66,98.94,87.31,93.24,123.66,100.33
2023-07-28,93.41,98.13,88.33,93.25,124.83,99.4
2023-07-31,94.63,99.62,88.61,91.81,125.94,100.25
2023-08-01,93.66,98.29,86.9,92.58,126.42,98.82
2023-08-02,96.18,100.33,89.76,93.85,125.42,100.77
2023-08-03,92.64,96.94,81.79,98.73,128.26,97.91
2023-08-04,92.3,97.01,80.84,98.11,128.09,97.89
2023-08-07,91.02,94.65,78.69,98.8,128.85,97.66
2023-08-08,91.64,94.55,79.76,98.2,129.86,98.14
2023-08-09,91.29,94.61,78.97,96.29,129.54,96.09
2023-08-10,91.81,95.04,79.26,95.65,128.59,97.17
2023-08-11,91.76,95.31,79.64,95.24,128.44,97.84
2023-08-14,91.37,94.94,79.68,96.05,128.02,96.91
2023-08-15,91.43,94.67,80.02,96.51,126.67,96.84
2023-08-16,90.43,93.77,80.29,97.33,128.13,95.98
2023-08-17,88.94,91.5,78.77,98.16,127.85,94.6
2023-08-18,88.09,91.08,77.04,97.64,126.66,94.21
2023-08-21,86.07,90.36,75.44,96.0,124.58,92.65
2023-08-22,85.68,90.35,74.93,96.95,124.13,92.89
2023-08-23,85.82,90.4,75.33,98.17,124.66,92.46
2023-08-24,85.91,90.6,75.09,98.97,123.65,91.42
2023-08-25,85.95,90.21,75.52,99.9,122.05,91.58
2023-08-28,85.88,90.36,75.45,100.41,122.11,91.92
2023-08-29,85.17,90.4,74.12,99.49,122.47,91.76
2023-08-30,85.57,89.01,73.0,99.79,122.68,92.15
2023-08-31,85.39,88.73,72.94,101.03,123.51,91.72
2023-09-01,85.82,89.19,72.93,101.52,123.72,92.01
2023-09-04,86.76,86.18,75.51,100.7,122.6,90.31
2023-09-05,87.01,86.6,76.2,100.37,124.01,90.24
2023-09-06,87.12,89.32,77.76,97.17,124.51,90.87
2023-09-07,86.92,89.27,78.33,96.86,124.16,91.06
2023-09-08,86.76,89.06,78.41,97.64,125.11,92.29
2023-09-11,87.68,90.08,77.78,97.5,124.52,91.68
2023-09-12,87.79,90.4,77.55,98.12,123.44,91.3
2023-09-13,88.83,91.57,78.77,97.67,124.41,91.23
2023-09-14,88.9,91.65,78.76,98.28,125.13,91.45
2023-09-15,88.99,91.82,79.27,98.55,125.43,91.81
2023-09-18,89.71,92.63,79.72,98.76,124.92,93.16
2023-09-19,91.31,94.07,81.52,99.25,124.72,95.33
2023-09-20,92.63,95.09,83.2,99.5,123.88,97.37
2023-09-21,94.42,96.75,85.05,98.47,123.13,98.52
2023-09-22,94.77,97.25,85.66,99.14,123.81,98.87
2023-09-25,95.88,97.73,88.21,98.18,124.06,98.62
2023-09-26,96.92,98.83,88.76,97.58,124.97,98.62
2023-09-27,97.24,98.63,89.21,98.49,125.11,99.48
2023-09-28,97.58,98.63,89.26,98.1,124.4,98.09
2023-09-29,99.43,99.87,91.2,98.28,123.73,100.32
2023-10-02,99.88,100.14,91.3,98.47,123.95,100.45
2023-10-03,100.83,100.27,92.7,98.45,122.94,101.61
2023-10-04,100.59,100.08,92.48,98.32,123.69,101.27
2023-10-05,100.54,100.4,92.82,98.38,123.97,100.36
2023-10-06,102.48,100.87,95.81,98.75,123.6,101.28
2023-10-09,101.27,99.27,95.44,99.52,124.19,100.6
2023-10-10,100.25,98.7,94.15,98.66,123.68,99.05
2023-10-11,101.7,99.21,94.34,98.25,125.05,98.02
2023-10-12,101.78,99.56,95.2,98.49,125.61,98.0
2023-10-13,101.67,99.48,94.52,98.68,125.92,98.59
2023-10-16,102.94,100.64,95.87,98.71,124.84,99.99
2023-10-17,103.08,100.2,96.27,97.55,125.99,99.16
2023-10-18,102.23,99.35,95.45,96.92,124.11,99.16
2023-10-19,99.1,95.92,91.91,94.95,122.77,96.57
2023-10-20,102.51,99.86,96.25,92.88,124.75,98.74
2023-10-23,104.41,100.99,96.96,92.81,126.25,99.66
2023-10-24,103.19,100.19,94.93,92.82,124.9,97.7
2023-10-25,103.5,100.65,95.48,92.25,125.06,97.96
2023-10-26,102.66,99.77,95.12,93.12,126.12,96.65
2023-10-27,102.07,99.26,94.26,92.54,125.99,95.97
2023-10-30,103.76,100.65,94.33,93.68,124.89,98.94
2023-10-31,103.82,100.43,95.52,93.47,123.02,98.22
2023-11-01,103.4,100.46,95.07,93.2,122.43,96.82
2023-11-02,103.27,100.67,95.57,93.18,119.89,95.94
2023-11-03,103.72,101.18,97.06,94.17,121.07,98.06
2023-11-06,104.53,101.95,98.71,93.73,121.96,97.42
2023-11-07,104.56,102.39,99.98,92.58,121.07,97.03
2023-11-08,103.75,101.56,99.28,93.58,120.46,96.81
2023-11-09,102.5,101.07,98.64,94.26,120.16,96.73
2023-11-10,103.38,100.8,100.36,95.95,120.93,97.62
2023-11-13,103.75,102.24,100.78,94.87,122.5,98.28
2023-11-14,103.86,102.62,100.53,96.09,123.1,98.16
2023-11-15,102.58,100.97,98.61,96.75,123.19,96.67
2023-11-16,102.99,102.07,99.27,98.15,121.81,97.12
2023-11-17,103.64,102.49,99.77,96.89,122.29,97.68
2023-11-20,103.08,101.74,99.34,97.93,119.84,94.91
2023-11-21,103.7,102.91,100.11,97.62,119.84,95.38
2023-11-22,103.94,104.17,99.11,98.36,120.26,96.25
2023-11-23,102.95,103.58,97.42,98.15,119.87,95.09
2023-11-24,103.16,103.2,98.1,98.56,120.84,95.57
2023-11-27,102.98,103.57,97.95,98.47,121.28,96.05
2023-11-28,103.97,104.23,99.5,98.64,119.46,96.89
2023-11-29,103.92,104.0,99.18,98.36,119.16,96.73
2023-11-30,104.76,104.44,100.96,97.73,120.41,96.92
2023-12-01,104.81,104.31,101.95,97.6,120.76,96.14
2023-12-04,104.69,103.77,101.74,96.49,119.46,96.6
2023-12-05,104.66,103.44,102.14,96.23,119.97,96.35
2023-12-06,103.89,102.82,100.87,95.63,117.9,96.91
2023-12-07,102.36,101.03,97.89,94.62,118.68,96.47
2023-12-08,101.57,100.33,97.51,95.02,119.07,96.56
2023-12-11,100.38,99.58,97.27,95.91,119.12,95.97
2023-12-12,101.12,101.18,97.97,95.67,116.74,96.6
2023-12-13,100.74,101.62,97.21,96.21,117.09,96.02
2023-12-14,101.51,102.29,98.23,96.04,117.02,95.58
2023-12-15,101.94,102.55,97.22,95.77,116.63,96.49
2023-12-18,101.61,102.41,96.74,94.9,116.73,95.61
2023-12-19,100.23,100.66,94.36,94.9,117.27,96.78
2023-12-20,100.45,100.95,94.87,94.32,116.56,97.3
2023-12-21,100.95,101.78,95.51,93.27,116.75,96.11
2023-12-22,101.49,102.37,95.5,92.66,116.1,95.77
2023-12-25,101.83,102.84,95.48,92.74,117.16,95.82
2023-12-26,102.16,102.66,94.31,92.49,116.63,96.92
2023-12-27,101.73,102.27,93.91,92.5,118.05,96.49
2023-12-28,101.09,101.33,92.91,92.15,118.15,95.34
2023-12-29,100.62,100.41,92.82,92.26,117.66,95.34
2024-01-01,101.74,102.46,92.86,93.99,119.1,97.0
2024-01-02,102.77,103.77,93.04,92.67,117.19,96.71
2024-01-03,101.93,103.4,92.08,92.25,117.8,96.16
2024-01-04,102.42,104.61,92.4,92.0,119.91,97.7
2024-01-05,100.35,102.78,90.99,94.43,119.82,96.85
2024-01-08,98.05,100.83,88.45,96.54,118.25,95.12
2024-01-09,96.67,99.93,86.9,97.23,118.88,93.39
2024-01-10,97.93,101.77,88.5,96.17,119.17,93.97
2024-01-11,97.81,101.69,88.24,96.48,118.72,95.04
2024-01-12,94.72,98.53,85.75,95.83,118.0,91.69
2024-01-15,93.84,97.54,84.98,95.07,117.98,91.45
2024-01-16,93.94,98.3,85.88,94.97,118.53,92.24
2024-01-17,93.61,98.83,86.15,95.25,118.58,91.89
2024-01-18,93.27,98.46,86.17,94.87,117.43,92.75
2024-01-19,95.4,100.27,87.78,93.27,117.67,91.8
2024-01-22,95.97,101.09,87.8,93.3,116.77,92.15
2024-01-23,95.8,101.0,88.13,93.79,116.9,92.28
2024-01-24,94.6,99.75,87.02,94.0,117.06,91.5
2024-01-25,94.67,100.07,86.69,92.46,116.53,91.69
2024-01-26,95.71,99.72,86.09,91.74,116.4,94.36
2024-01-29,95.28,100.36,87.06,91.04,117.54,94.53
2024-01-30,94.75,99.79,86.32,91.04,117.1,93.17
2024-01-31,94.71,99.54,86.41,90.8,117.73,92.69
2024-02-01,94.93,99.61,87.35,90.82,118.05,92.53
2024-02-02,96.41,99.69,86.94,89.75,116.61,92.83
2024-02-05,94.77,98.23,82.59,91.65,118.63,93.31
2024-02-06,95.7,98.76,81.29,91.89,119.99,93.96
2024-02-07,96.66,99.61,83.16,91.65,120.66,97.3
2024-02-08,95.45,98.49,82.83,91.17,120.72,96.47
2024-02-09,94.17,97.26,82.32,91.91,122.02,94.11
2024-02-12,94.92,97.67,82.49,92.99,120.29,95.26
2024-02-13,96.3,97.99,84.03,92.39,118.2,97.32
2024-02-14,94.94,97.44,82.69,92.56,118.52,96.6
2024-02-15,95.97,97.87,82.41,92.15,117.97,99.41
2024-02-16,96.34,98.36,83.28,90.65,117.4,97.76
2024-02-19,98.32,99.73,84.98,90.89,117.97,99.97
2024-02-20,98.92,100.54,85.31,91.14,119.22,100.33
2024-02-21,101.28,101.96,86.89,91.45,119.64,104.05
2024-02-22,102.51,102.99,88.22,91.19,118.49,107.02
2024-02-23,102.65,103.32,87.01,90.71,118.22,106.69
2024-02-26,102.94,103.26,85.9,91.2,119.2,106.62
2024-02-27,102.73,103.22,86.55,90.38,121.24,105.26
2024-02-28,102.78,103.38,87.0,89.99,121.45,104.67
2024-02-29,103.56,104.03,88.1,90.27,121.78,105.35
2024-03-01,104.23,104.3,88.97,91.52,120.19,107.84
2024-03-04,104.41,104.53,89.41,91.5,120.21,108.07
2024-03-05,101.67,101.55,86.93,93.15,118.81,106.54
2024-03-06,101.86,101.89,87.16,93.36,119.1,106.19
2024-03-07,109.05,107.7,93.12,92.37,120.12,109.87
2024-03-08,106.37,104.75,90.6,93.82,122.09,108.67
2024-03-11,108.4,106.96,91.88,92.99,122.67,110.02
2024-03-12,108.29,106.15,92.09,94.14,120.16,110.55
2024-03-13,108.13,105.38,91.96,93.61,120.16,110.18
2024-03-14,108.88,106.45,93.49,93.39,119.9,109.58
2024-03-15,108.59,105.96,93.82,93.57,121.07,109.5
2024-03-18,107.57,106.27,93.23,92.95,121.56,107.92
2024-03-19,107.77,106.81,94.09,92.94,120.86,107.1
2024-03-20,109.06,107.63,94.69,92.03,120.37,107.28
2024-03-21,110.51,109.66,96.6,91.27,119.99,108.13
2024-03-22,110.04,109.44,95.86,91.36,120.05,107.67
2024-03-25,108.56,108.51,93.39,91.61,120.13,106.42
2024-03-26,109.3,110.05,92.65,90.68,117.48,105.9
2024-03-27,110.27,110.57,93.73,90.93,120.59,106.53
2024-03-28,109.61,109.71,94.28,89.94,120.24,106.94
2024-03-29,109.55,109.47,94.27,89.86,120.58,106.41
2024-04-01,112.45,110.38,93.48,88.07,122.26,107.83
2024-04-02,114.11,111.21,94.94,87.84,123.78,109.28
2024-04-03,114.04,110.66,96.6,87.22,126.99,109.24
2024-04-04,113.54,110.39,96.14,87.17,127.91,108.94
2024-04-05,112.72,110.68,95.38,86.37,128.52,108.02
2024-04-08,112.06,109.79,94.32,87.13,129.2,107.12
2024-04-09,112.17,110.24,94.96,87.94,131.7,106.68
2024-04-10,112.12,109.89,95.62,88.08,132.66,106.49
2024-04-11,112.27,110.72,95.89,88.2,131.56,108.02
2024-04-12,111.71,110.44,95.36,88.25,130.47,106.84
2024-04-15,106.62,106.89,94.21,86.02,128.77,102.7
2024-04-16,107.11,107.18,93.97,85.08,127.61,104.2
2024-04-17,106.53,105.37,92.73,85.8,128.13,102.19
2024-04-18,106.72,104.97,92.08,86.24,129.18,100.75
2024-04-19,107.47,105.69,93.0,86.1,129.71,101.2
2024-04-22,107.86,105.85,93.81,85.25,130.47,100.7
2024-04-23,105.8,103.49,91.51,86.4,132.12,99.2
2024-04-24,105.04,103.19,92.57,85.1,133.42,98.48
2024-04-25,103.99,102.23,91.17,85.27,133.18,97.73
2024-04-26,103.36,101.06,90.62,85.48,133.79,98.63
2024-04-29,103.06,101.21,90.27,85.05,134.91,97.02
2024-04-30,103.81,101.54,90.85,85.01,135.18,96.51
2024-05-01,102.43,99.62,87.98,85.28,134.64,94.9
2024-05-02,102.6,99.7,88.98,85.63,133.31,95.43
2024-05-03,101.25,99.18,87.01,85.24,132.78,94.6
2024-05-06,100.97,99.17,88.58,84.9,134.02,93.02
2024-05-07,100.87,98.8,87.77,85.69,133.87,92.83
2024-05-08,98.96,96.28,84.82,85.64,134.3,90.62
2024-05-09,98.89,96.37,84.47,85.73,134.16,90.46
2024-05-10,99.71,97.46,85.06,86.51,136.26,90.56
2024-05-13,100.38,98.32,84.78,86.87,137.08,89.29
2024-05-14,101.66,98.27,84.71,84.73,136.74,89.24
2024-05-15,102.68,98.85,84.48,85.7,136.71,89.97
2024-05-16,103.29,99.06,84.24,85.77,136.7,89.88
2024-05-17,102.9,99.2,85.12,83.97,136.93,89.37
2024-05-20,101.69,97.84,84.43,84.33,138.74,88.34
2024-05-21,103.06,98.04,85.41,83.81,136.78,89.85
2024-05-22,104.13,98.99,85.49,83.73,136.75,89.95
2024-05-23,105.56,101.19,86.95,84.5,138.89,92.25
2024-05-24,106.86,102.68,88.42,85.3,138.32,94.82
2024-05-27,106.34,102.3,87.89,85.91,139.78,95.08
2024-05-28,106.16,101.39,89.74,84.75,139.73,95.37
2024-05-29,105.62,101.77,88.43,85.31,136.85,96.81
2024-05-30,107.5,102.96,89.71,85.4,137.07,99.25
2024-05-31,108.13,103.07,89.77,85.06,136.9,99.64
2024-06-03,108.14,103.49,90.5,85.75,135.15,99.77
2024-06-04,108.46,103.53,91.79,86.73,135.74,99.83
2024-06-05,108.15,103.47,91.38,86.89,136.05,99.86
2024-06-06,110.33,104.57,92.01,86.55,135.81,100.65
2024-06-07,110.63,104.72,92.34,86.22,135.4,99.46
2024-06-10,110.22,104.14,92.01,85.95,136.22,98.96
2024-06-11,110.03,104.92,92.89,86.31,135.4,99.42
2024-06-12,113.77,108.46,95.53,84.82,134.06,100.77
2024-06-13,113.67,107.62,94.68,85.0,134.74,100.04
2024-06-14,115.38,109.85,96.68,84.25,134.22,102.29
2024-06-17,112.77,106.75,95.17,86.62,135.67,104.87
2024-06-18,113.32,107.49,95.44,87.55,134.78,105.72
2024-06-19,113.44,109.05,93.67,88.4,135.04,107.16
2024-06-20,113.46,107.43,92.77,88.12,134.87,108.5
2024-06-21,113.44,107.33,92.39,87.99,134.01,109.85
2024-06-24,115.28,108.66,91.96,88.33,133.36,111.03
2024-06-25,115.62,108.71,92.29,87.95,133.64,111.78
2024-06-26,115.89,108.7,92.22,87.25,133.46,111.15
2024-06-27,115.97,108.0,92.64,88.21,136.31,111.89
2024-06-28,119.24,111.48,94.44,87.25,138.48,113.31
2024-07-01,118.87,110.74,93.49,88.01,137.17,111.39
2024-07-02,116.62,110.47,91.31,90.83,135.98,109.08
2024-07-03,120.43,114.03,94.22,90.88,134.47,111.65
2024-07-04,120.61,113.36,95.26,90.49,134.77,111.42
2024-07-05,123.89,116.4,98.32,89.45,133.06,115.5
2024-07-08,122.92,115.58,97.27,90.56,131.94,113.95
2024-07-09,122.89,114.93,97.59,90.24,130.01,112.7
2024-07-10,124.26,115.85,98.38,88.3,130.14,113.29
2024-07-11,123.31,115.59,97.44,88.88,131.02,113.21
2024-07-12,123.63,116.43,97.55,88.39,130.51,113.87
2024-07-15,123.92,116.45,96.86,88.49,130.11,114.84
2024-07-16,123.2,116.5,97.9,86.4,129.45,115.35
2024-07-17,123.19,116.54,97.52,86.63,129.33,115.3
2024-07-18,124.99,116.58,99.31,89.53,128.95,116.57
2024-07-19,124.19,115.66,99.06,89.55,129.05,114.63
2024-07-22,124.44,115.54,99.36,89.9,129.63,112.8
2024-07-23,124.56,115.2,99.34,90.58,129.16,112.18
2024-07-24,126.43,117.71,100.67,90.93,131.03,114.0
2024-07-25,128.04,118.89,102.02,90.18,130.44,115.01
2024-07-26,126.99,117.71,100.6,91.23,129.41,114.83
2024-07-29,125.72,116.49,98.93,89.97,133.5,114.18
2024-07-30,125.32,115.73,98.17,90.13,133.36,113.79
2024-07-31,123.1,113.49,96.23,89.46,133.09,110.79
2024-08-01,123.86,114.06,97.65,90.61,133.12,110.84
2024-08-02,123.64,114.83,98.36,90.13,132.39,110.22
2024-08-05,122.52,113.27,96.43,90.14,131.04,109.6
2024-08-06,123.37,114.21,96.81,90.92,130.94,111.12
2024-08-07,122.21,113.25,97.38,91.18,130.89,110.75
2024-08-08,120.46,112.61,95.81,91.3,132.72,109.86
2024-08-09,119.84,111.81,95.1,91.22,133.1,110.17
2024-08-12,118.92,111.08,94.83,92.12,132.15,107.94
2024-08-13,119.41,112.33,95.75,91.88,131.02,109.62
2024-08-14,118.68,111.87,95.79,92.15,131.16,109.56
2024-08-15,117.22,110.4,94.17,93.22,132.05,108.15
2024-08-16,119.86,113.14,96.16,92.67,133.62,111.22
2024-08-19,120.09,113.43,96.87,92.89,135.24,112.04
2024-08-20,119.75,112.37,95.77,92.51,134.99,112.4
2024-08-21,119.32,111.98,95.36,93.26,134.89,111.75
2024-08-22,119.11,111.67,95.5,93.65,135.31,111.98
2024-08-23,119.8,112.03,96.48,94.01,134.65,111.04
2024-08-26,119.47,111.59,95.56,93.05,134.59,110.87
2024-08-27,119.58,111.74,94.86,93.12,135.51,110.86
2024-08-28,119.01,111.66,94.16,93.18,134.51,110.45
2024-08-29,119.42,112.0,94.06,92.94,134.82,110.63
2024-08-30,119.25,113.11,96.29,93.14,136.15,110.49
2024-09-02,120.35,114.88,97.56,92.76,136.58,111.73
2024-09-03,120.26,114.89,97.18,93.17,137.18,111.54
2024-09-04,120.65,115.92,97.28,93.67,137.27,112.35
2024-09-05,119.8,117.12,96.37,95.09,136.03,110.35
2024-09-06,119.93,117.15,96.17,94.78,135.73,110.92
2024-09-09,120.18,117.48,96.68,95.1,136.73,111.53
2024-09-10,118.97,116.33,96.16,96.13,136.79,110.77
2024-09-11,118.83,116.65,97.03,96.26,137.23,109.96
2024-09-12,117.36,115.84,97.32,96.09,136.81,108.75
2024-09-13,117.0,115.36,97.89,97.46,137.78,108.41
2024-09-16,118.05,116.58,98.14,97.67,138.75,109.5
2024-09-17,120.74,119.44,101.11,97.56,140.24,110.91
2024-09-18,119.6,118.92,99.1,98.5,139.61,110.73
2024-09-19,118.04,117.28,98.77,99.99,141.04,110.15
2024-09-20,117.07,116.72,98.0,100.14,140.8,110.39
2024-09-23,119.44,118.6,100.08,99.75,139.7,112.32
2024-09-24,120.4,119.04,100.51,100.75,140.26,112.28
2024-09-25,121.42,120.98,101.42,100.04,140.94,114.1
2024-09-26,121.05,120.37,97.04,97.02,137.97,113.16
2024-09-27,122.87,122.54,99.6,95.79,137.41,112.92
2024-09-30,122.09,122.52,99.29,95.78,136.78,112.76
2024-10-01,123.54,124.54,100.15,97.15,137.85,113.63
2024-10-02,123.55,125.68,101.94,96.73,136.29,112.72
2024-10-03,124.12,125.68,102.58,98.12,137.56,114.0
2024-10-04,122.97,126.28,100.25,98.38,138.66,115.19
2024-10-07,121.13,123.78,98.33,100.4,138.57,114.37
2024-10-08,122.19,124.21,98.87,100.35,139.16,115.32
2024-10-09,121.67,123.69,98.71,100.15,139.28,114.38
2024-10-10,120.75,120.96,97.99,99.16,139.22,111.77
2024-10-11,119.57,119.5,96.64,99.43,139.13,110.23
2024-10-14,119.71,119.7,96.87,100.65,139.16,110.89
2024-10-15,119.93,119.87,96.75,100.1,137.8,111.19
2024-10-16,119.79,119.66,97.07,100.68,138.51,112.09
2024-10-17,120.44,119.58,98.2,101.38,140.55,112.52
2024-10-18,121.37,119.57,99.25,101.89,142.59,114.87
2024-10-21,122.67,122.64,101.77,102.36,147.73,117.37
2024-10-22,123.48,123.25,102.2,102.69,147.17,119.55
2024-10-23,125.53,124.06,104.65,101.25,147.25,121.74
2024-10-24,125.38,124.41,104.54,100.25,148.24,121.18
2024-10-25,126.77,125.41,104.95,99.94,148.91,120.66
2024-10-28,130.23,127.93,108.07,99.72,152.32,123.93
2024-10-29,127.93,126.52,106.65,100.27,150.83,122.76
2024-10-30,127.12,126.47,107.21,100.71,151.25,122.22
2024-10-31,128.98,127.82,109.42,99.78,150.82,122.32
2024-11-01,129.15,127.19,109.79,100.11,149.95,121.99
2024-11-04,128.3,126.25,109.52,100.12,149.24,121.17
2024-11-05,126.8,124.89,108.2,99.38,149.49,119.43
2024-11-06,127.84,125.46,108.35,99.87,150.44,120.51
2024-11-07,125.81,122.85,107.47,99.21,153.14,118.46
2024-11-08,123.26,122.59,108.71,100.42,152.46,116.2
2024-11-11,123.07,122.46,108.9,100.72,152.1,117.06
2024-11-12,123.0,123.39,108.45,101.39,152.23,117.88
2024-11-13,122.59,122.53,106.89,101.17,152.45,116.61
2024-11-14,123.23,123.74,108.23,101.08,151.04,117.78
2024-11-15,122.75,122.84,107.57,101.51,151.58,117.23
2024-11-18,122.03,121.75,107.28,101.88,151.26,115.73
2024-11-19,120.31,120.41,106.75,102.37,149.94,115.71
2024-11-20,117.78,117.74,103.85,103.1,148.76,110.87
2024-11-21,119.99,118.43,105.89,101.46,152.64,109.28
2024-11-22,121.38,119.22,107.96,101.81,154.43,111.49
2024-11-25,121.29,118.74,108.79,102.21,153.37,110.2
2024-11-26,120.9,118.77,107.5,101.75,154.36,108.76
2024-11-27,120.37,120.13,104.88,104.05,155.33,110.92
2024-11-28,117.69,118.64,102.42,103.95,155.48,109.5
2024-11-29,117.87,117.75,103.52,104.14,156.99,110.6
2024-12-02,117.68,116.96,103.47,104.7,157.65,110.13
2024-12-03,118.83,118.08,104.57,105.48,158.5,111.87
2024-12-04,117.94,116.66,100.39,109.52,152.63,114.55
2024-12-05,116.24,115.78,99.88,110.68,151.71,112.9
2024-12-06,117.43,116.44,101.39,109.63,150.69,115.19
2024-12-09,120.53,120.17,103.73,108.5,152.55,118.55
2024-12-10,120.85,120.45,105.7,109.18,152.64,118.66
2024-12-11,120.7,119.57,106.43,109.31,150.67,117.64
2024-12-12,120.01,119.06,107.9,108.0,149.02,115.23
2024-12-13,120.17,119.12,106.16,108.0,148.6,114.98
2024-12-16,119.2,118.85,104.17,108.61,148.33,115.99
2024-12-17,117.1,117.0,103.13,109.43,148.18,113.93
2024-12-18,116.54,116.54,101.69,109.48,147.87,113.96
2024-12-19,116.52,115.62,102.07,109.34,148.89,114.62
2024-12-20,118.73,118.5,102.62,108.04,149.84,116.33
2024-12-23,120.57,118.09,104.23,106.19,153.76,116.84
2024-12-24,121.22,118.08,105.64,106.2,152.85,118.0
2024-12-25,122.89,119.4,108.36,105.46,153.24,118.98
2024-12-26,123.37,120.12,108.23,105.59,152.58,119.73
2024-12-27,122.02,118.06,107.13,105.43,150.48,116.57
2024-12-30,121.05,116.7,106.64,105.34,150.58,114.06
2024-12-31,121.04,116.7,106.7,105.25,151.16,112.28
2025-01-01,120.34,116.94,106.13,105.36,156.15,113.49
2025-01-02,121.29,117.62,106.29,105.34,155.3,114.61
2025-01-03,120.85,117.28,105.49,105.42,155.24,113.2
2025-01-06,120.45,115.07,103.51,104.69,148.64,113.7
2025-01-07,120.83,114.9,102.9,105.23,150.43,113.1
2025-01-08,121.08,115.95,104.08,107.38,149.96,113.21
2025-01-09,119.71,114.9,104.17,106.7,150.1,111.39
2025-01-10,118.62,113.57,102.67,105.14,149.31,109.5
2025-01-13,117.99,112.79,102.86,104.51,149.54,109.65
2025-01-14,116.56,112.81,100.36,104.49,150.33,108.2
2025-01-15,116.44,113.37,101.14,103.96,149.87,109.39
2025-01-16,117.13,114.13,102.54,103.64,149.61,109.85
2025-01-17,118.44,115.67,103.03,104.78,149.54,114.49
2025-01-20,117.7,116.04,99.74,104.32,146.09,111.7
2025-01-21,119.8,115.41,102.8,105.59,144.01,114.92
2025-01-22,119.16,115.33,102.62,106.52,141.02,112.32
2025-01-23,119.96,115.88,102.36,107.85,138.85,115.26
2025-01-24,121.0,116.53,104.18,108.04,138.63,116.36
2025-01-27,118.99,115.17,102.13,108.91,138.14,114.22
2025-01-28,119.35,115.97,102.53,109.33,136.09,113.31
2025-01-29,120.65,116.7,102.68,108.74,135.62,115.18
2025-01-30,121.83,117.57,103.31,108.31,136.85,115.32
2025-01-31,118.2,112.81,99.56,111.09,132.87,114.56
2025-02-03,117.86,112.41,99.37,111.21,131.05,115.99
2025-02-04,117.58,111.7,98.23,111.62,131.28,115.09
2025-02-05,117.05,111.97,97.69,112.11,131.2,114.14
2025-02-06,116.46,112.34,96.19,112.21,129.95,114.73
2025-02-07,117.24,113.01,97.09,111.25,130.84,115.85
2025-02-10,118.04,113.05,98.41,111.07,129.11,117.2
2025-02-11,118.63,112.9,99.92,111.55,129.89,117.93
2025-02-12,119.91,112.67,100.46,111.28,130.54,120.62
2025-02-13,119.55,112.61,99.5,111.04,131.47,120.34
2025-02-14,118.42,111.23,98.38,110.46,131.1,117.91
2025-02-17,117.49,110.3,97.6,111.83,130.46,118.23
2025-02-18,115.05,108.46,94.3,111.86,130.95,115.86
2025-02-19,114.65,108.77,92.7,111.88,132.39,114.6
2025-02-20,114.51,109.2,92.27,112.94,132.53,114.33
2025-02-21,112.99,108.62,93.33,109.73,137.61,111.71
2025-02-24,113.03,108.32,92.67,110.25,136.24,111.96
2025-02-25,112.25,107.63,91.62,111.18,137.88,111.65
2025-02-26,110.72,106.34,89.01,108.25,138.09,110.06
2025-02-27,110.23,105.95,88.65,107.97,137.5,109.46
2025-02-28,111.32,107.79,90.09,108.85,135.13,108.66
2025-03-03,111.91,107.82,90.16,109.0,135.94,109.71
2025-03-04,111.67,107.85,91.27,109.42,137.06,108.74
2025-03-05,109.24,107.66,90.63,111.66,132.74,101.66
2025-03-06,109.37,107.61,90.59,111.33,133.73,101.96
2025-03-07,111.51,108.83,91.89,110.84,133.5,106.38
2025-03-10,112.85,110.26,92.56,109.73,131.1,105.62
2025-03-11,116.02,112.39,95.38,110.66,126.82,109.11
2025-03-12,117.14,112.71,95.76,109.4,125.32,109.73
2025-03-13,116.92,113.0,96.29,109.4,126.32,110.01
2025-03-14,118.98,115.54,97.59,110.86,127.53,111.46
2025-03-17,117.2,114.3,96.48,110.32,127.82,111.83
2025-03-18,119.38,113.98,97.4,109.49,127.11,112.79
2025-03-19,119.22,114.22,96.97,109.5,126.53,111.75
2025-03-20,118.31,113.33,96.31,109.65,128.04,111.33
2025-03-21,117.54,114.03,97.02,108.83,129.61,109.45
2025-03-24,117.61,114.38,97.82,108.18,130.51,109.77
2025-03-25,117.37,114.36,97.94,108.48,129.69,108.42
2025-03-26,117.41,114.72,98.37,109.63,131.21,108.07
2025-03-27,116.31,113.24,97.76,109.21,132.04,105.81
2025-03-28,115.59,111.84,95.79,111.25,133.11,103.33
2025-03-31,114.46,111.56,95.11,111.59,132.85,101.68
2025-04-01,116.94,113.81,96.69,111.68,133.34,103.75
2025-04-02,116.88,113.47,96.32,110.36,135.22,105.14
2025-04-03,118.43,114.12,96.89,111.55,136.4,107.02
2025-04-04,117.45,112.79,96.91,111.94,135.48,104.47
2025-04-07,118.69,113.63,97.21,111.76,134.71,105.7
2025-04-08,117.12,112.18,94.1,111.61,133.17,103.82
2025-04-09,118.15,113.45,95.18,112.46,132.65,104.07
2025-04-10,120.14,115.05,94.81,109.76,132.45,107.56
2025-04-11,120.22,114.86,95.09,110.11,133.59,106.85
2025-04-14,122.59,116.77,97.25,111.74,134.67,109.21
2025-04-15,123.07,116.97,97.03,110.76,133.63,108.8
2025-04-16,113.45,107.28,96.48,114.1,121.24,99.79
2025-04-17,113.67,107.59,97.02,113.19,121.58,100.11
2025-04-18,113.87,107.73,97.01,112.92,121.85,100.08
2025-04-21,113.3,106.9,95.38,113.65,122.8,99.27
2025-04-22,115.79,109.72,97.45,111.87,122.55,98.78
2025-04-23,115.96,109.96,97.55,112.63,121.96,98.06
2025-04-24,116.34,108.79,99.2,112.23,122.88,98.26
2025-04-25,116.46,108.41,98.27,112.16,122.68,98.79
2025-04-28,116.62,109.74,99.11,111.27,123.01,98.77
2025-04-29,119.0,111.57,100.8,110.08,123.46,100.67
2025-04-30,120.22,112.19,100.78,111.57,123.33,100.75
2025-05-01,121.06,113.79,101.16,111.76,123.9,99.49
2025-05-02,121.87,113.78,101.02,112.07,124.08,101.28
2025-05-05,120.68,113.71,98.22,111.02,122.8,101.99
2025-05-06,121.87,114.73,98.57,110.17,123.58,102.28
2025-05-07,123.19,116.12,100.17,110.52,123.18,103.08
2025-05-08,122.66,116.24,101.46,109.11,123.68,102.88
2025-05-09,122.62,116.04,100.94,109.31,124.63,103.27
2025-05-12,119.08,111.67,97.73,111.46,124.72,101.48
2025-05-13,119.64,112.09,97.0,110.93,124.15,102.8
2025-05-14,120.13,112.53,97.56,111.2,124.22,102.73
2025-05-15,118.19,110.3,95.58,110.5,123.85,101.34
2025-05-16,118.59,110.68,96.2,110.4,124.51,100.78
2025-05-19,119.16,110.95,95.81,111.2,124.96,100.09
2025-05-20,118.48,110.95,95.68,109.99,124.85,99.93
2025-05-21,118.14,110.42,95.3,111.18,124.98,100.43
2025-05-22,119.31,111.31,95.16,111.55,126.61,101.13
2025-05-23,119.63,111.69,94.66,111.92,126.24,101.26
2025-05-26,118.56,107.51,91.57,111.19,127.81,98.15
2025-05-27,117.09,106.42,89.83,111.19,128.31,97.61
2025-05-28,116.95,105.62,89.21,108.73,130.24,98.11
2025-05-29,117.06,105.99,88.56,108.23,131.56,98.65
2025-05-30,115.6,105.27,86.53,107.9,131.27,97.9
2025-06-02,116.08,106.03,86.71,108.9,132.99,98.39
2025-06-03,114.98,104.77,86.07,108.99,133.64,97.0
2025-06-04,114.98,104.43,85.68,107.94,135.05,97.2
2025-06-05,115.56,103.75,84.63,107.63,135.32,97.99
2025-06-06,114.74,103.1,83.75,108.27,136.61,98.14
2025-06-09,115.97,103.83,85.18,107.65,136.28,98.59
2025-06-10,116.4,104.37,85.76,108.23,134.79,98.46
2025-06-11,116.57,104.58,85.25,106.64,135.51,98.04
2025-06-12,116.57,104.65,84.92,105.85,135.3,97.39
2025-06-13,118.39,105.08,86.84,103.96,134.02,97.03
2025-06-16,118.89,106.06,87.78,103.38,133.48,97.59
2025-06-17,118.78,105.42,87.41,103.24,133.31,96.83
2025-06-18,118.94,106.08,88.3,101.83,131.21,96.08
2025-06-19,121.31,107.8,90.69,101.84,130.69,97.0
2025-06-20,120.65,107.43,89.84,101.88,132.06,97.1
2025-06-23,120.77,107.55,90.12,101.27,131.91,98.58
2025-06-24,122.4,109.42,90.59,100.92,131.06,101.98
2025-06-25,123.41,110.48,91.25,100.96,130.87,102.57
2025-06-26,122.7,109.82,90.85,99.74,128.91,103.63
2025-06-27,121.78,109.23,90.41,100.44,130.13,106.76
2025-06-30,119.78,107.23,90.09,99.58,127.9,105.86
2025-07-01,120.63,108.23,89.97,97.79,126.7,109.12
2025-07-02,121.85,108.84,92.34,97.58,126.2,109.71
2025-07-03,120.42,108.18,91.55,98.47,125.71,109.68
2025-07-04,117.76,107.0,90.77,98.24,124.55,108.11
2025-07-07,117.05,106.35,89.98,99.14,124.1,107.45
2025-07-08,116.76,106.11,90.62,99.07,123.82,106.56
2025-07-09,118.01,106.83,92.4,98.01,123.98,107.68
2025-07-10,118.0,107.59,92.79,96.98,124.97,107.46
2025-07-11,117.17,106.81,92.71,98.07,126.12,107.32
2025-07-14,117.33,107.46,93.44,97.62,125.35,107.6
2025-07-15,117.33,107.21,92.41,98.11,124.78,108.12
2025-07-16,117.18,107.0,92.7,99.02,124.72,108.14
2025-07-17,115.67,106.08,91.63,100.39,123.54,107.68
2025-07-18,117.99,108.27,93.96,99.84,124.66,108.24
2025-07-21,119.71,110.84,95.53,99.85,125.17,109.05
2025-07-22,118.97,109.67,95.22,100.2,126.32,107.39
2025-07-23,118.81,109.67,94.86,100.52,126.14,107.51
2025-07-24,115.38,106.05,90.33,100.89,126.74,103.48
2025-07-25,116.14,107.08,90.47,100.99,127.63,103.83
2025-07-28,113.8,106.1,92.62,99.71,126.38,102.15
2025-07-29,114.6,106.53,92.77,100.42,126.51,103.03
2025-07-30,117.71,108.26,94.02,100.48,125.37,105.94
2025-07-31,118.92,109.47,96.44,101.03,125.54,108.41
2025-08-01,118.89,109.38,96.67,100.41,125.46,107.95
2025-08-04,119.41,109.43,96.68,100.32,126.08,107.13
2025-08-05,118.96,109.15,95.41,101.45,126.83,108.52
2025-08-06,119.02,109.33,94.61,103.18,127.89,108.83
2025-08-07,119.16,109.91,95.49,104.88,128.5,108.69
2025-08-08,117.86,108.69,94.67,104.9,129.15,108.41
2025-08-11,118.01,108.43,94.55,104.85,129.54,108.32
2025-08-12,116.52,107.11,93.8,104.81,129.22,108.8
2025-08-13,116.29,105.41,92.97,104.21,128.24,108.77
2025-08-14,116.02,105.27,91.81,103.85,125.92,110.35
2025-08-15,114.1,103.34,90.75,105.0,122.85,108.26
2025-08-18,114.44,103.53,90.88,104.67,123.14,108.17
2025-08-19,113.04,105.21,86.37,103.95,122.94,108.78
2025-08-20,112.7,104.89,86.22,103.02,122.72,109.03
2025-08-21,114.15,106.57,88.39,103.1,122.69,109.66
2025-08-22,114.58,107.66,89.59,102.95,122.92,110.79
2025-08-25,115.82,109.37,90.42,102.29,123.35,112.28
2025-08-26,115.45,108.66,90.23,101.58,121.78,111.48
2025-08-27,118.0,110.33,91.57,100.73,122.46,112.05
2025-08-28,118.22,110.02,90.67,100.53,122.47,113.27
2025-08-29,115.63,107.95,88.92,103.26,125.26,113.66
2025-09-01,113.78,106.37,91.14,105.85,124.57,111.3
2025-09-02,114.4,106.28,92.28,105.25,125.67,109.78
2025-09-03,115.75,107.53,94.83,104.01,125.81,109.83
2025-09-04,116.67,108.19,96.45,105.21,126.3,111.52
2025-09-05,117.49,109.32,96.69,104.23,127.12,111.81
2025-09-08,116.41,108.46,95.33,104.0,127.47,108.28
2025-09-09,116.68,109.26,95.55,104.15,126.22,108.75
2025-09-10,117.65,110.06,96.83,104.74,125.69,109.63
2025-09-11,118.25,110.47,97.39,104.56,125.68,110.73
2025-09-12,117.91,109.7,98.55,105.86,126.51,109.88
2025-09-15,115.02,106.95,96.76,107.36,125.49,107.63
2025-09-16,116.11,108.0,97.71,108.47,124.59,107.73
2025-09-17,116.39,108.92,98.92,108.78,124.52,107.1
2025-09-18,115.79,108.24,98.72,108.35,123.82,106.96
2025-09-19,115.56,107.21,98.34,108.13,123.43,107.92
2025-09-22,115.91,106.85,98.41,108.29,123.91,107.46
2025-09-23,116.76,107.89,98.08,107.25,123.58,108.36
2025-09-24,116.56,108.08,98.64,106.82,122.19,108.89
2025-09-25,116.86,108.63,98.71,106.27,122.2,108.82
2025-09-26,116.83,108.84,97.29,105.35,121.87,107.69
2025-09-29,118.25,110.64,100.86,107.23,119.25,110.67
2025-09-30,118.36,110.65,100.68,107.47,119.6,110.54
2025-10-01,117.89,109.27,101.03,107.63,119.71,109.03
2025-10-02,115.56,106.64,97.38,107.94,120.3,107.52
2025-10-03,116.1,106.61,97.63,107.9,120.43,107.68
2025-10-06,116.26,105.55,96.96,107.97,119.88,106.56
2025-10-07,115.7,103.84,95.98,107.58,119.13,106.96
2025-10-08,116.84,104.52,96.06,107.85,119.89,106.58
2025-10-09,116.33,103.68,97.01,107.55,121.33,106.55
2025-10-10,117.69,104.56,98.5,107.85,120.95,107.48
2025-10-13,116.88,104.15,96.69,107.63,121.25,106.95
2025-10-14,115.72,104.11,96.12,108.85,122.85,105.24
2025-10-15,116.35,103.73,95.73,109.89,124.0,107.68
2025-10-16,116.15,103.57,95.56,109.45,124.44,107.32
2025-10-17,116.81,104.02,96.77,109.49,124.45,107.58
2025-10-20,116.68,103.68,96.89,108.79,125.06,107.57
2025-10-21,118.44,103.0,97.7,106.06,128.07,106.5
2025-10-22,117.81,102.68,97.2,105.59,126.45,105.07
2025-10-23,118.65,103.32,97.29,103.9,126.24,105.63
2025-10-24,119.97,104.97,97.84,103.2,127.34,106.91
2025-10-27,119.67,104.48,96.76,103.8,126.54,106.67
2025-10-28,117.9,104.03,95.88,104.45,124.36,106.88
2025-10-29,116.93,103.32,93.97,105.98,125.47,105.81
2025-10-30,117.16,103.13,95.46,106.01,125.44,106.11
2025-10-31,116.77,102.71,94.96,106.6,125.62,104.53
2025-11-03,114.36,100.08,92.69,107.13,124.28,102.33
2025-11-04,115.7,101.44,93.29,105.57,124.58,105.52
2025-11-05,116.43,101.83,93.58,105.95,124.22,105.73
2025-11-06,115.14,100.79,92.93,106.44,123.42,103.82
2025-11-07,115.84,101.78,93.52,106.32,122.48,104.64
2025-11-10,116.53,103.36,94.36,105.38,122.41,106.56
2025-11-11,116.77,103.62,95.43,105.92,123.06,106.37
2025-11-12,117.6,104.37,96.06,105.19,124.3,107.21
2025-11-13,116.16,103.54,94.64,105.36,123.98,109.17
2025-11-14,117.09,104.04,96.39,105.57,122.15,109.55
2025-11-17,117.09,104.36,95.66,105.71,123.8,110.36
2025-11-18,118.01,104.47,96.85,106.07,123.87,111.67
2025-11-19,118.19,106.01,97.64,105.4,125.04,107.69
2025-11-20,118.88,107.13,98.15,105.35,125.07,107.97
2025-11-21,119.03,108.46,97.45,103.62,123.67,105.73
2025-11-24,117.82,107.47,98.22,105.11,124.03,103.98
2025-11-25,118.75,108.15,99.21,104.16,124.57,104.9
2025-11-26,120.07,109.37,101.07,104.13,124.64,106.49
2025-11-27,120.11,110.08,100.69,104.19,124.06,106.24
2025-11-28,121.12,110.68,100.58,104.53,124.44,106.27
2025-12-01,123.03,111.9,102.32,104.28,125.35,108.39
2025-12-02,122.69,111.12,102.38,104.05,124.22,106.55
2025-12-03,124.93,113.64,104.71,103.81,123.57,107.37
2025-12-04,125.3,114.67,105.9,104.49,122.16,109.02
2025-12-05,126.05,114.58,107.31,106.4,124.56,108.7
2025-12-08,126.27,114.61,108.37,106.41,124.28,108.72
2025-12-09,126.61,114.31,107.26,106.81,122.46,109.92
2025-12-10,127.02,114.78,108.85,107.2,121.27,109.49
2025-12-11,129.37,117.02,111.0,107.92,123.07,111.36
2025-12-12,130.05,117.38,109.68,104.72,125.01,110.37
2025-12-15,131.81,117.77,111.58,106.25,124.63,112.17
2025-12-16,131.14,117.29,110.41,105.12,124.74,111.95
2025-12-17,130.45,117.46,108.94,105.6,123.83,111.87
2025-12-18,131.07,117.47,109.52,105.34,123.97,112.18
2025-12-19,134.42,119.42,111.56,104.59,122.86,116.72
2025-12-22,134.39,119.78,110.41,104.52,123.03,115.72
2025-12-23,134.98,120.28,109.73,105.28,122.75,117.01
2025-12-24,135.36,120.73,110.44,106.19,123.19,117.97
2025-12-25,134.65,119.89,110.74,106.82,121.95,118.14
2025-12-26,134.13,119.85,111.16,106.85,122.49,116.64
2025-12-29,133.9,119.5,111.05,106.65,121.66,117.33
2025-12-30,134.14,119.07,112.82,106.39,121.14,118.38
2025-12-31,132.74,117.53,111.07,107.32,120.77,117.17
